source_schema;source_table;source_column;target_schema;target_table;target_column
NCARS_UCARS;ATRYBUTY_KLIENTOW;ID;INT_TCE_SALES;NCARS_UCARS_CUSTOMER_ATTRIBUTE;CUSTOMER_ATTRIBUTE_ID
NCARS_UCARS;ATRYBUTY_KLIENTOW;SYMBOL;INT_TCE_SALES;NCARS_UCARS_CUSTOMER_ATTRIBUTE;CUSTOMER_ATTRIBUTE_CD
NCARS_UCARS;ATRYBUTY_KLIENTOW;NAZWA;INT_TCE_SALES;NCARS_UCARS_CUSTOMER_ATTRIBUTE;CUSTOMER_ATTRIBUTE_NAME
NCARS_UCARS;ATRYBUTY_KLIENTOW;AKTYWNE;INT_TCE_SALES;NCARS_UCARS_CUSTOMER_ATTRIBUTE;ACTIVE_FLG
NCARS_UCARS;ATRYBUTY_KLIENTOW;KRAJ;INT_TCE_SALES;NCARS_UCARS_CUSTOMER_ATTRIBUTE;COUNTRY_CODE
NCARS_UCARS;CENY_PROMOCJI;ID;INT_TCE_SALES;NCARS_UCARS_PROMOTION_PRICE;PROMOTION_PRICE_ID
NCARS_UCARS;CENY_PROMOCJI;WAL_ID;INT_TCE_SALES;NCARS_UCARS_PROMOTION_PRICE;CURRENCY_ID
NCARS_UCARS;CENY_PROMOCJI;UPUST_DEALER_KLIENT_KWOTA;INT_TCE_SALES;NCARS_UCARS_PROMOTION_PRICE;DISCOUNT_DEALER_CLIENT_AMT
NCARS_UCARS;CENY_PROMOCJI;UPUST_DEALER_KLIENT_PROCENT;INT_TCE_SALES;NCARS_UCARS_PROMOTION_PRICE;DISCOUNT_DEALER_CLIENT_PERC
NCARS_UCARS;CENY_PROMOCJI;UPUST_TMPL_KLIENT_KWOTA;INT_TCE_SALES;NCARS_UCARS_PROMOTION_PRICE;DISCOUNT_TMPL_CLIENT_AMT
NCARS_UCARS;CENY_PROMOCJI;UPUST_TMPL_KLIENT_PROCENT;INT_TCE_SALES;NCARS_UCARS_PROMOTION_PRICE;DISCOUNT_TMPL_CLIENT_PERC
NCARS_UCARS;CENY_PROMOCJI;UPUST_TMPL_DEALER_KWOTA;INT_TCE_SALES;NCARS_UCARS_PROMOTION_PRICE;DISCOUNT_TMPL_DEALER_AMT
NCARS_UCARS;CENY_PROMOCJI;UPUST_TMPL_DEALER_PROCENT;INT_TCE_SALES;NCARS_UCARS_PROMOTION_PRICE;DISCOUNT_TMPL_DEALER_PERC
NCARS_UCARS;CENY_PROMOCJI;ZMNIEJSZENIE_MARZY_PROCENT;INT_TCE_SALES;NCARS_UCARS_PROMOTION_PRICE;MARGIN_REDUCTION_PERC
NCARS_UCARS;CENY_PROMOCJI;ZMNIEJSZENIE_MARZY_KWOTA;INT_TCE_SALES;NCARS_UCARS_PROMOTION_PRICE;MARGIN_REDUCTION_AMT
NCARS_UCARS;CENY_PROMOCJI;PROM_ID;INT_TCE_SALES;NCARS_UCARS_PROMOTION_PRICE;PROMOTION_DETAIL_ID
NCARS_UCARS;CENY_PROMOCJI;ZDOD_ID;INT_TCE_SALES;NCARS_UCARS_PROMOTION_PRICE;ZDOD_ID
NCARS_UCARS;CENY_PROMOCJI;RUN_TIMESTAMP;INT_TCE_SALES;NCARS_UCARS_PROMOTION_PRICE;RUN_TIMESTAMP
NCARS_UCARS;CG_REF_CODES_BASE;ID;INT_TCE_SALES;NCARS_UCARS_CG_REF_CODES_BASE;CG_REF_CODES_BASE_ID
NCARS_UCARS;CG_REF_CODES_BASE;RV_DOMAIN;INT_TCE_SALES;NCARS_UCARS_CG_REF_CODES_BASE;RV_DOMAIN
NCARS_UCARS;CG_REF_CODES_BASE;RV_LOW_VALUE;INT_TCE_SALES;NCARS_UCARS_CG_REF_CODES_BASE;RV_LOW_VALUE
NCARS_UCARS;CG_REF_CODES_BASE;RV_HIGH_VALUE;INT_TCE_SALES;NCARS_UCARS_CG_REF_CODES_BASE;RV_HIGH_VALUE
NCARS_UCARS;CG_REF_CODES_BASE;RV_MEANING;INT_TCE_SALES;NCARS_UCARS_CG_REF_CODES_BASE;RV_MEANING
NCARS_UCARS;CG_REF_CODES_BASE;RV_ABBREVIATION;INT_TCE_SALES;NCARS_UCARS_CG_REF_CODES_BASE;RV_ABBREVIATION
NCARS_UCARS;CG_REF_CODES_BASE;RUN_TIMESTAMP;INT_TCE_SALES;NCARS_UCARS_CG_REF_CODES_BASE;RUN_TIMESTAMP
NCARS_UCARS;CG_REF_CODES_LOCAL;ID;INT_TCE_SALES;NCARS_UCARS_CG_REF_CODES_LOCAL;CG_REF_CODES_LOCAL_ID
NCARS_UCARS;CG_REF_CODES_LOCAL;CG_REF_CODES_BASE_ID;INT_TCE_SALES;NCARS_UCARS_CG_REF_CODES_LOCAL;CG_REF_CODES_BASE_ID
NCARS_UCARS;CG_REF_CODES_LOCAL;LANGUAGE;INT_TCE_SALES;NCARS_UCARS_CG_REF_CODES_LOCAL;LANGUAGE_CD
NCARS_UCARS;CG_REF_CODES_LOCAL;RV_ABBREVIATION;INT_TCE_SALES;NCARS_UCARS_CG_REF_CODES_LOCAL;RV_ABBREVIATION
NCARS_UCARS;CG_REF_CODES_LOCAL;RV_MEANING;INT_TCE_SALES;NCARS_UCARS_CG_REF_CODES_LOCAL;RV_MEANING
NCARS_UCARS;CG_REF_CODES_LOCAL;RUN_TIMESTAMP;INT_TCE_SALES;NCARS_UCARS_CG_REF_CODES_LOCAL;RUN_TIMESTAMP
NCARS_COC;COCAS;VIN;INT_TCE_SALES;NCARS_COC_COCAS;VIN
NCARS_COC;COCAS;ID;INT_TCE_SALES;NCARS_COC_COCAS;COCAS_ID
NCARS_COC;COCAS;RUN_TIMESTAMP;INT_TCE_SALES;NCARS_COC_COCAS;RUN_TIMESTAMP
NCARS_UCARS;DANE_IDENT_NA_FAKT_DETAL;FDET_ID;INT_TCE_SALES;NCARS_UCARS_CUSTOMER_DETAIL_W_INVOICE_RETAIL;INVOICE_RETAIL_ID
NCARS_UCARS;DANE_IDENT_NA_FAKT_DETAL;NUMER_KOLEJNY;INT_TCE_SALES;NCARS_UCARS_CUSTOMER_DETAIL_W_INVOICE_RETAIL;ORDINAL_NO
NCARS_UCARS;DANE_IDENT_NA_FAKT_DETAL;DID_ID;INT_TCE_SALES;NCARS_UCARS_CUSTOMER_DETAIL_W_INVOICE_RETAIL;CUSTOMER_DETAIL_ID
NCARS_UCARS;DANE_IDENTYFIKACYJNE;ID;INT_TCE_SALES;NCARS_UCARS_CUSTOMER_DETAIL;CUSTOMER_DETAIL_ID
NCARS_UCARS;DANE_IDENTYFIKACYJNE;TYP;INT_TCE_SALES;NCARS_UCARS_CUSTOMER_DETAIL;CUSTOMER_DETAIL_TYPE
NCARS_UCARS;DANE_IDENTYFIKACYJNE;SKROCONA_NAZWA;INT_TCE_SALES;NCARS_UCARS_CUSTOMER_DETAIL;SHORT_NAME
NCARS_UCARS;DANE_IDENTYFIKACYJNE;NAZWISKO_F1;INT_TCE_SALES;NCARS_UCARS_CUSTOMER_DETAIL;LAST_NAME
NCARS_UCARS;DANE_IDENTYFIKACYJNE;IDA_OPER_ID;INT_TCE_SALES;NCARS_UCARS_CUSTOMER_DETAIL;OPERATIONAL_IDENTIFICATION_ID
NCARS_UCARS;DANE_IDENTYFIKACYJNE;PIERWSZE_IMIE_F2;INT_TCE_SALES;NCARS_UCARS_CUSTOMER_DETAIL;FIRST_NAME
NCARS_UCARS;DANE_IDENTYFIKACYJNE;DRUGIE_IMIE_F3;INT_TCE_SALES;NCARS_UCARS_CUSTOMER_DETAIL;SECOND_NAME
NCARS_UCARS;DANE_IDENTYFIKACYJNE;KOD_POCZTOWY;INT_TCE_SALES;NCARS_UCARS_CUSTOMER_DETAIL;POSTAL_CD
NCARS_UCARS;DANE_IDENTYFIKACYJNE;MIEJSCOWOSC;INT_TCE_SALES;NCARS_UCARS_CUSTOMER_DETAIL;CITY_NAME
NCARS_UCARS;DANE_IDENTYFIKACYJNE;RUN_TIMESTAMP;INT_TCE_SALES;NCARS_UCARS_CUSTOMER_DETAIL;RUN_TIMESTAMP
NCARS_UCARS;DANE_KLIENTOW;DID_ID;INT_TCE_SALES;NCARS_UCARS_CUSTOMER_W_CUSTOMER_DETAIL;CUSTOMER_DETAIL_ID
NCARS_UCARS;DANE_KLIENTOW;KLNT_ID;INT_TCE_SALES;NCARS_UCARS_CUSTOMER_W_CUSTOMER_DETAIL;CUSTOMER_ID
NCARS_UCARS;DEALERZY;ID;INT_TCE_SALES;NCARS_UCARS_DEALER;DEALER_ID
NCARS_UCARS;DEALERZY;KOD;INT_TCE_SALES;NCARS_UCARS_DEALER;DEALER_CD
NCARS_UCARS;DEALERZY;NAZWA;INT_TCE_SALES;NCARS_UCARS_DEALER;DEALER_NAME
NCARS_UCARS;DEALERZY;RUN_TIMESTAMP;INT_TCE_SALES;NCARS_UCARS_DEALER;RUN_TIMESTAMP
NCARS_UCARS;DEALERZY_W_STREFACH;STR_ID;INT_TCE_SALES;NCARS_UCARS_DEALER_W_ZONE;ZONE_ID
NCARS_UCARS;DEALERZY_W_STREFACH;DLR_ID;INT_TCE_SALES;NCARS_UCARS_DEALER_W_ZONE;DEALER_ID
NCARS_UCARS;DEALERZY_W_STREFACH;RUN_TIMESTAMP;INT_TCE_SALES;NCARS_UCARS_DEALER_W_ZONE;RUN_TIMESTAMP
NCARS_UCARS;DECYZJE_KPP;ID;INT_TCE_SALES;NCARS_UCARS_FPP_DECISION;FPP_DECISION_ID
NCARS_UCARS;DECYZJE_KPP;NUMER_DECYZJI;INT_TCE_SALES;NCARS_UCARS_FPP_DECISION;FPP_DECISION_NO
NCARS_UCARS;DECYZJE_KPP;DATA_DECYZJI;INT_TCE_SALES;NCARS_UCARS_FPP_DECISION;FPP_DECISION_DATE
NCARS_UCARS;DECYZJE_KPP;REJESTRACJA_DO;INT_TCE_SALES;NCARS_UCARS_FPP_DECISION;MAX_REGISTRATION_DATE
NCARS_UCARS;DECYZJE_KPP;RUN_TIMESTAMP;INT_TCE_SALES;NCARS_UCARS_FPP_DECISION;RUN_TIMESTAMP
NCARS_UCARS;DODATKI_DO_SAMOCHODOW;ID;INT_TCE_SALES;NCARS_UCARS_CAR_ACCESSORY;CAR_ACCESSORY_ID
NCARS_UCARS;DODATKI_DO_SAMOCHODOW;SAM_ID;INT_TCE_SALES;NCARS_UCARS_CAR_ACCESSORY;CAR_ID
NCARS_UCARS;DODATKI_DO_SAMOCHODOW;KONW_ID;INT_TCE_SALES;NCARS_UCARS_CAR_ACCESSORY;CONVERSION_ID
NCARS_UCARS;DODATKI_DO_SAMOCHODOW;OPC_POPR_ID;INT_TCE_SALES;NCARS_UCARS_CAR_ACCESSORY;POST_PRODUCTION_OPTION_ID
NCARS_UCARS;DODATKI_DO_SAMOCHODOW;PAK_ID;INT_TCE_SALES;NCARS_UCARS_CAR_ACCESSORY;PACKAGE_ID
NCARS_UCARS;DODATKI_DO_SAMOCHODOW;RUN_TIMESTAMP;INT_TCE_SALES;NCARS_UCARS_CAR_ACCESSORY;RUN_TIMESTAMP
NCARS_UCARS;EXTRA;ID;INT_TCE_SALES;NCARS_UCARS_CAR_ADDITIONAL_SPECIFICATION;CAR_ADDITIONAL_SPECIFICATION_ID
NCARS_UCARS;EXTRA;SYMBOL;INT_TCE_SALES;NCARS_UCARS_CAR_ADDITIONAL_SPECIFICATION;CAR_ADDITIONAL_SPECIFICATION_CD
NCARS_UCARS;EXTRA;RUN_TIMESTAMP;INT_TCE_SALES;NCARS_UCARS_CAR_ADDITIONAL_SPECIFICATION;RUN_TIMESTAMP
NCARS_UCARS;FAKTURY_DETALICZNE;ID;INT_TCE_SALES;NCARS_UCARS_INVOICE_RETAIL;INVOICE_RETAIL_ID
NCARS_UCARS;FAKTURY_DETALICZNE;SALON_ID;INT_TCE_SALES;NCARS_UCARS_INVOICE_RETAIL;SHOWROOM_ID
NCARS_UCARS;FAKTURY_DETALICZNE;SAM_ID;INT_TCE_SALES;NCARS_UCARS_INVOICE_RETAIL;CAR_ID
NCARS_UCARS;FAKTURY_DETALICZNE;TR_TMPL_ID;INT_TCE_SALES;NCARS_UCARS_INVOICE_RETAIL;TRANSACTION_ID
NCARS_UCARS;FAKTURY_DETALICZNE;TYP;INT_TCE_SALES;NCARS_UCARS_INVOICE_RETAIL;INVOICE_TYPE
NCARS_UCARS;FAKTURY_DETALICZNE;NUMER_SALON;INT_TCE_SALES;NCARS_UCARS_INVOICE_RETAIL;SHOWROOM_INVOICE_NO
NCARS_UCARS;FAKTURY_DETALICZNE;DATA_REJESTRACJI;INT_TCE_SALES;NCARS_UCARS_INVOICE_RETAIL;REGISTRATION_DATE
NCARS_UCARS;FAKTURY_DETALICZNE;CENA_BRUTTO_KLIENT;INT_TCE_SALES;NCARS_UCARS_INVOICE_RETAIL;CUSTOMER_GROSS_PRICE
NCARS_UCARS;FAKTURY_DETALICZNE;PUNKTY_SPRZEDAZOWE;INT_TCE_SALES;NCARS_UCARS_INVOICE_RETAIL;SALES_POINT
NCARS_UCARS;FAKTURY_DETALICZNE;FDET_ID;INT_TCE_SALES;NCARS_UCARS_INVOICE_RETAIL;CORRECTIVE_INVOICE_ID
NCARS_UCARS;FAKTURY_DETALICZNE;RUN_TIMESTAMP;INT_TCE_SALES;NCARS_UCARS_INVOICE_RETAIL;RUN_TIMESTAMP
NCARS_UCARS;FAKTURY_WEJSCIOWE;ID;INT_TCE_SALES;NCARS_UCARS_INCOMING_INVOICE;INCOMING_INVOICE_ID
NCARS_UCARS;FAKTURY_WEJSCIOWE;FAKT_WE_ID;INT_TCE_SALES;NCARS_UCARS_INCOMING_INVOICE;
NCARS_UCARS;FAKTURY_WEJSCIOWE;TYP;INT_TCE_SALES;NCARS_UCARS_INCOMING_INVOICE;INCOMING_INVOICE_TYPE
NCARS_UCARS;FAKTURY_WEJSCIOWE;NUMER;INT_TCE_SALES;NCARS_UCARS_INCOMING_INVOICE;INCOMING_INVOICE_NO
NCARS_UCARS;FAKTURY_WYJSCIOWE;ID;INT_TCE_SALES;NCARS_UCARS_SALES_INVOICE;SALES_INVOICE_ID
NCARS_UCARS;FAKTURY_WYJSCIOWE;SAM_ID;INT_TCE_SALES;NCARS_UCARS_SALES_INVOICE;CAR_ID
NCARS_UCARS;FAKTURY_WYJSCIOWE;TR_TMPL_ID;INT_TCE_SALES;NCARS_UCARS_SALES_INVOICE;TRANSACTION_ID
NCARS_UCARS;FAKTURY_WYJSCIOWE;NUMER;INT_TCE_SALES;NCARS_UCARS_SALES_INVOICE;SALES_INVOICE_NO
NCARS_UCARS;FAKTURY_WYJSCIOWE;DATA_WYSTAWIENIA;INT_TCE_SALES;NCARS_UCARS_SALES_INVOICE;ISSUE_DATE
NCARS_UCARS;FAKTURY_WYJSCIOWE;CENA_BRUTTO;INT_TCE_SALES;NCARS_UCARS_SALES_INVOICE;GROSS_PRICE
NCARS_UCARS;FAKTURY_WYJSCIOWE;DATA_SPRZEDAZY;INT_TCE_SALES;NCARS_UCARS_SALES_INVOICE;SALES_DATE
NCARS_UCARS;FAKTURY_WYJSCIOWE;TERMIN_PLATNOSCI;INT_TCE_SALES;NCARS_UCARS_SALES_INVOICE;DUE_DATE
NCARS_UCARS;FAKTURY_WYJSCIOWE;CENA_NETTO;INT_TCE_SALES;NCARS_UCARS_SALES_INVOICE;NET_PRICE
NCARS_UCARS;FAKTURY_WYJSCIOWE;DLR_ID;INT_TCE_SALES;NCARS_UCARS_SALES_INVOICE;DEALER_ID
NCARS_UCARS;FULL_KATASHIKI;ID;INT_TCE_SALES;NCARS_UCARS_FULL_KATASHIKI;FULL_KATASHIKI_ID
NCARS_UCARS;FULL_KATASHIKI;KOD;INT_TCE_SALES;NCARS_UCARS_FULL_KATASHIKI;CODE
NCARS_UCARS;FULL_KATASHIKI;RUN_TIMESTAMP;INT_TCE_SALES;NCARS_UCARS_FULL_KATASHIKI;RUN_TIMESTAMP
NCARS_UCARS;GENERACJE;ID;INT_TCE_SALES;NCARS_UCARS_GENERATION;GENERATION_ID
NCARS_UCARS;GENERACJE;MDL_ID;INT_TCE_SALES;NCARS_UCARS_GENERATION;MODEL_ID
NCARS_UCARS;GENERACJE;SYMBOL;INT_TCE_SALES;NCARS_UCARS_GENERATION;GENERATION_CD
NCARS_UCARS;GENERACJE;RUN_TIMESTAMP;INT_TCE_SALES;NCARS_UCARS_GENERATION;RUN_TIMESTAMP
NCARS_UCARS;HISTORIA_TRANSAKCJI;ID;INT_TCE_SALES;NCARS_UCARS_TRANSACTION_HISTORY;TRANSACTION_HISTORY_ID
NCARS_UCARS;HISTORIA_TRANSAKCJI;DATA_ZMIANY;INT_TCE_SALES;NCARS_UCARS_TRANSACTION_HISTORY;CHANGE_DATE
NCARS_UCARS;HISTORIA_TRANSAKCJI;SAM_ID;INT_TCE_SALES;NCARS_UCARS_TRANSACTION_HISTORY;CAR_ID
NCARS_UCARS;HISTORIA_TRANSAKCJI;ETA_DO_DLR;INT_TCE_SALES;NCARS_UCARS_TRANSACTION_HISTORY;ETA_TO_DEALER
NCARS_UCARS;HISTORIA_TRANSAKCJI;ETA_MAKSYMALNE;INT_TCE_SALES;NCARS_UCARS_TRANSACTION_HISTORY;ETA_MAX
NCARS_UCARS;HISTORIA_TRANSAKCJI;TOC_ID;INT_TCE_SALES;NCARS_UCARS_TRANSACTION_HISTORY;TOC_ID
NCARS_UCARS;HISTORIA_TRANSAKCJI;TR_TMPL_ID;INT_TCE_SALES;NCARS_UCARS_TRANSACTION_HISTORY;TRANSACTION_ID
NCARS_UCARS;HISTORIA_TRANSAKCJI;ETA_DO_DLR_CZAS_TR;INT_TCE_SALES;NCARS_UCARS_TRANSACTION_HISTORY;ETA_TO_DEALER_TRANSPORT_DAY
NCARS_UCARS;HISTORIA_TRANSAKCJI;ETA_DO_DLR_ZRODLO;INT_TCE_SALES;NCARS_UCARS_TRANSACTION_HISTORY;ETA_TO_DEALER_SOURCE
NCARS_UCARS;IDENTYFIKACJE_OPERACYJNE;ID;INT_TCE_SALES;NCARS_UCARS_OPERATIONAL_IDENTIFICATION;OPERATIONAL_IDENTIFICATION_ID
NCARS_UCARS;IDENTYFIKACJE_OPERACYJNE;NAZWA;INT_TCE_SALES;NCARS_UCARS_OPERATIONAL_IDENTIFICATION;OPERATIONAL_IDENTIFICATION_NAME
NCARS_UCARS;IDENTYFIKACJE_OPERACYJNE;RUN_TIMESTAMP;INT_TCE_SALES;NCARS_UCARS_OPERATIONAL_IDENTIFICATION;RUN_TIMESTAMP
NCARS_UCARS;IDENTYFIKATORY_I_DOKUMENTY_BASE;ID;INT_TCE_SALES;NCARS_UCARS_IDENT_DOCUMENTS_TYPE_BASE;IDENT_DOCUMENTS_TYPE_BASE_ID
NCARS_UCARS;IDENTYFIKATORY_I_DOKUMENTY_BASE;SYMBOL;INT_TCE_SALES;NCARS_UCARS_IDENT_DOCUMENTS_TYPE_BASE;IDENT_DOCUMENTS_TYPE_BASE_CD
NCARS_UCARS;IDENTYFIKATORY_I_DOKUMENTY_BASE;NAZWA;INT_TCE_SALES;NCARS_UCARS_IDENT_DOCUMENTS_TYPE_BASE;IDENT_DOCUMENTS_TYPE_BASE_NAME
NCARS_UCARS;IDENTYFIKATORY_I_DOKUMENTY_BASE;OSOBA_FIZYCZNA;INT_TCE_SALES;NCARS_UCARS_IDENT_DOCUMENTS_TYPE_BASE;NATURAL_PERSON_FLG
NCARS_UCARS;IDENTYFIKATORY_I_DOKUMENTY_BASE;OSOBA_PRAWNA;INT_TCE_SALES;NCARS_UCARS_IDENT_DOCUMENTS_TYPE_BASE;LEGAL_ENTITY_FLG
NCARS_UCARS;IDENTYFIKATORY_I_DOKUMENTY_BASE;KRAJ;INT_TCE_SALES;NCARS_UCARS_IDENT_DOCUMENTS_TYPE_BASE;COUNTRY_CD
NCARS_UCARS;IDENTYFIKATORY_I_DOKUMENTY_BASE;RUN_TIMESTAMP;INT_TCE_SALES;NCARS_UCARS_IDENT_DOCUMENTS_TYPE_BASE;RUN_TIMESTAMP
NCARS_UCARS;IDENTYFIKATORY_I_DOKUMENTY_LOCAL;ID;INT_TCE_SALES;NCARS_UCARS_IDENT_DOCUMENTS_TYPE_LOCAL;IDENT_DOCUMENTS_TYPE_LOCAL_ID
NCARS_UCARS;IDENTYFIKATORY_I_DOKUMENTY_LOCAL;IDENTYFIKATORY_I_DOKUMENTY_BASE_ID;INT_TCE_SALES;NCARS_UCARS_IDENT_DOCUMENTS_TYPE_LOCAL;IDENT_DOCUMENTS_TYPE_BASE_ID
NCARS_UCARS;IDENTYFIKATORY_I_DOKUMENTY_LOCAL;JEZYK;INT_TCE_SALES;NCARS_UCARS_IDENT_DOCUMENTS_TYPE_LOCAL;LANGUAGE_CD
NCARS_UCARS;IDENTYFIKATORY_I_DOKUMENTY_LOCAL;NAZWA;INT_TCE_SALES;NCARS_UCARS_IDENT_DOCUMENTS_TYPE_LOCAL;IDENT_DOCUMENTS_TYPE_LOCAL_NAME
NCARS_UCARS;IDENTYFIKATORY_I_DOKUMENTY_LOCAL;RUN_TIMESTAMP;INT_TCE_SALES;NCARS_UCARS_IDENT_DOCUMENTS_TYPE_LOCAL;RUN_TIMESTAMP
NCARS_UCARS;IDENTYFIKATORY_OPERACYJNE;IDA_OPER_ID;INT_TCE_SALES;NCARS_UCARS_OPERATIONAL_IDENTIFIER;OPERATIONAL_IDENTIFIER_ID
NCARS_UCARS;IDENTYFIKATORY_OPERACYJNE;IDENT_DOK_ID;INT_TCE_SALES;NCARS_UCARS_OPERATIONAL_IDENTIFIER;IDENT_DOCUMENTS_TYPE_BASE_ID
NCARS_UCARS;IDENTYFIKATORY_OPERACYJNE;NUMER;INT_TCE_SALES;NCARS_UCARS_OPERATIONAL_IDENTIFIER;OPERATIONAL_IDENTIFIER_NO
NCARS_UCARS;IDENTYFIKATORY_OPERACYJNE;RUN_TIMESTAMP;INT_TCE_SALES;NCARS_UCARS_OPERATIONAL_IDENTIFIER;RUN_TIMESTAMP
NCARS_UCARS;KIEROWNICE;ID;INT_TCE_SALES;NCARS_UCARS_STEERING_WHEEL;STEERING_WHEEL_ID
NCARS_UCARS;KIEROWNICE;SYMBOL;INT_TCE_SALES;NCARS_UCARS_STEERING_WHEEL;STEERING_WHEEL_CD
NCARS_UCARS;KIEROWNICE;NAZWA;INT_TCE_SALES;NCARS_UCARS_STEERING_WHEEL;STEERING_WHEEL_NAME
NCARS_UCARS;KIEROWNICE;AKTYWNE;INT_TCE_SALES;NCARS_UCARS_STEERING_WHEEL;ACTIVE_FLG
NCARS_UCARS;KIEROWNICE;RUN_TIMESTAMP;INT_TCE_SALES;NCARS_UCARS_STEERING_WHEEL;RUN_TIMESTAMP
NCARS_UCARS;KLIENCI;ID;INT_TCE_SALES;NCARS_UCARS_CUSTOMER;CUSTOMER_ID
NCARS_UCARS;KLIENCI;NAZWA;INT_TCE_SALES;NCARS_UCARS_CUSTOMER;CUSTOMER_NAME
NCARS_UCARS;KLIENCI;AKTYWNE;INT_TCE_SALES;NCARS_UCARS_CUSTOMER;ACTIVE_FLG
NCARS_UCARS;KLIENCI_TRANSAKCJI;TR_TMPL_ID;INT_TCE_SALES;NCARS_UCARS_TRANSACTION_W_CUSTOMER_DETAIL;TRANSACTION_ID
NCARS_UCARS;KLIENCI_TRANSAKCJI;NUMER_KOLEJNY;INT_TCE_SALES;NCARS_UCARS_TRANSACTION_W_CUSTOMER_DETAIL;ORDINAL_NO
NCARS_UCARS;KLIENCI_TRANSAKCJI;RODZAJ_DANYCH;INT_TCE_SALES;NCARS_UCARS_TRANSACTION_W_CUSTOMER_DETAIL;CLIENT_TYPE
NCARS_UCARS;KLIENCI_TRANSAKCJI;DID_ID;INT_TCE_SALES;NCARS_UCARS_TRANSACTION_W_CUSTOMER_DETAIL;CUSTOMER_DETAIL_ID
NCARS_UCARS;KLIENCI_TRANSAKCJI;RUN_TIMESTAMP;INT_TCE_SALES;NCARS_UCARS_TRANSACTION_W_CUSTOMER_DETAIL;RUN_TIMESTAMP
NCARS_UCARS;KONWERSJE;ID;INT_TCE_SALES;NCARS_UCARS_CONVERSION;CONVERSION_ID
NCARS_UCARS;KONWERSJE;SYMBOL;INT_TCE_SALES;NCARS_UCARS_CONVERSION;CONVERSION_CD
NCARS_UCARS;KONWERSJE;NAZWA;INT_TCE_SALES;NCARS_UCARS_CONVERSION;CONVERSION_NAME
NCARS_UCARS;KONWERSJE;RUN_TIMESTAMP;INT_TCE_SALES;NCARS_UCARS_CONVERSION;RUN_TIMESTAMP
NCARS_UCARS;LAKIERY;ID;INT_TCE_SALES;NCARS_UCARS_PAINT;PAINT_ID
NCARS_UCARS;LAKIERY;KOD;INT_TCE_SALES;NCARS_UCARS_PAINT;PAINT_CD
NCARS_UCARS;LAKIERY;WYROZNIK;INT_TCE_SALES;NCARS_UCARS_PAINT;MARKER_CD
NCARS_UCARS;LAKIERY;AKTYWNE;INT_TCE_SALES;NCARS_UCARS_PAINT;ACTIVE_FLG
NCARS_UCARS;LAKIERY;RUN_TIMESTAMP;INT_TCE_SALES;NCARS_UCARS_PAINT;RUN_TIMESTAMP
NCARS_UCARS;LOKALIZACJE;ID;INT_TCE_SALES;NCARS_UCARS_LOCATION;LOCATION_ID
NCARS_UCARS;LOKALIZACJE;SYMBOL;INT_TCE_SALES;NCARS_UCARS_LOCATION;LOCATION_CD
NCARS_UCARS;LOKALIZACJE;AKTYWNE;INT_TCE_SALES;NCARS_UCARS_LOCATION;ACTIVE_FLG
NCARS_UCARS;LOKALIZACJE;NAZWA;INT_TCE_SALES;NCARS_UCARS_LOCATION;LOCATION_NAME
NCARS_UCARS;LOKALIZACJE;TYP;INT_TCE_SALES;NCARS_UCARS_LOCATION;LOCATION_TYPE
NCARS_UCARS;LOKALIZACJE_SAMOCHODOW;SAM_ID;INT_TCE_SALES;NCARS_UCARS_CAR_W_LOCATION;CAR_ID
NCARS_UCARS;LOKALIZACJE_SAMOCHODOW;NUMER_KOLEJNY;INT_TCE_SALES;NCARS_UCARS_CAR_W_LOCATION;SEQUENCE_NO
NCARS_UCARS;LOKALIZACJE_SAMOCHODOW;LOKAL_ID;INT_TCE_SALES;NCARS_UCARS_CAR_W_LOCATION;LOCATION_ID
NCARS_UCARS;LOKALIZACJE_SAMOCHODOW;DATA_WEJSCIA;INT_TCE_SALES;NCARS_UCARS_CAR_W_LOCATION;LOCATION_ARRIVAL_DATE
NCARS_UCARS;LOKALIZACJE_SAMOCHODOW;DATA_WYJSCIA;INT_TCE_SALES;NCARS_UCARS_CAR_W_LOCATION;LOCATION_DEPATURE_DATE
NCARS_UCARS;LOKALIZACJE_SAMOCHODOW;PRZYBYCIE_DO_POLSKI;INT_TCE_SALES;NCARS_UCARS_CAR_W_LOCATION;ARRIVAL_POLAND_FLG
NCARS_UCARS;LOKALIZACJE_SAMOCHODOW;WYJSCIE_POTWIERDZONE;INT_TCE_SALES;NCARS_UCARS_CAR_W_LOCATION;DEPARTURE_CONFIRMED_FLG
NCARS_UCARS;LOKALIZACJE_SAMOCHODOW;OSTATNIE;INT_TCE_SALES;NCARS_UCARS_CAR_W_LOCATION;ACTIVE_FLG
NCARS_UCARS;MARKI;ID;INT_TCE_SALES;NCARS_UCARS_BRAND;BRAND_ID
NCARS_UCARS;MARKI;SYMBOL;INT_TCE_SALES;NCARS_UCARS_BRAND;BRAND_CD
NCARS_UCARS;MARKI;NAZWA;INT_TCE_SALES;NCARS_UCARS_BRAND;BRAND_NAME
NCARS_UCARS;MARKI;AKTYWNE;INT_TCE_SALES;NCARS_UCARS_BRAND;ACTIVE_FLG
NCARS_UCARS;MARKI;KOLEJNOSC;INT_TCE_SALES;NCARS_UCARS_BRAND;ORDINAL_NO
NCARS_UCARS;MARKI;RUN_TIMESTAMP;INT_TCE_SALES;NCARS_UCARS_BRAND;RUN_TIMESTAMP
NCARS_UCARS;MODELE;ID;INT_TCE_SALES;NCARS_UCARS_MODEL;MODEL_ID
NCARS_UCARS;MODELE;MAR_ID;INT_TCE_SALES;NCARS_UCARS_MODEL;BRAND_ID
NCARS_UCARS;MODELE;SYMBOL;INT_TCE_SALES;NCARS_UCARS_MODEL;MODEL_CD
NCARS_UCARS;MODELE;NAZWA;INT_TCE_SALES;NCARS_UCARS_MODEL;MODEL_NAME
NCARS_UCARS;MODELE;AKTYWNE;INT_TCE_SALES;NCARS_UCARS_MODEL;ACTIVE_FLG
NCARS_UCARS;MODELE;RUN_TIMESTAMP;INT_TCE_SALES;NCARS_UCARS_MODEL;RUN_TIMESTAMP
NCARS_UCARS;NADWOZIA;ID;INT_TCE_SALES;NCARS_UCARS_CAR_BODY;CAR_BODY_ID
NCARS_UCARS;NADWOZIA;SYMBOL;INT_TCE_SALES;NCARS_UCARS_CAR_BODY;CAR_BODY_CD
NCARS_UCARS;NADWOZIA;RODZAJ;INT_TCE_SALES;NCARS_UCARS_CAR_BODY;CAR_BODY_TYPE
NCARS_UCARS;NADWOZIA;LICZBA_DRZWI;INT_TCE_SALES;NCARS_UCARS_CAR_BODY;DOOR_NO
NCARS_UCARS;NADWOZIA;RUN_TIMESTAMP;INT_TCE_SALES;NCARS_UCARS_CAR_BODY;RUN_TIMESTAMP
NCARS_UCARS;NORMY_EMISJI;ID;INT_TCE_SALES;NCARS_UCARS_EMISSION_STANDARD;EMISSION_STANDARD_ID
NCARS_UCARS;NORMY_EMISJI;NUMER_HOMOLOGACJI;INT_TCE_SALES;NCARS_UCARS_EMISSION_STANDARD;HOMOLOGATION_NO
NCARS_UCARS;NORMY_EMISJI;NORMA_EMISJI;INT_TCE_SALES;NCARS_UCARS_EMISSION_STANDARD;EMISSION_STANDARD
NCARS_UCARS;NORMY_EMISJI;REJESTRACJA_DO;INT_TCE_SALES;NCARS_UCARS_EMISSION_STANDARD;MAX_REGISTRATION_DATE
NCARS_UCARS;NORMY_EMISJI;RUN_TIMESTAMP;INT_TCE_SALES;NCARS_UCARS_EMISSION_STANDARD;RUN_TIMESTAMP
NCARS_UCARS;NSAR_TYPY_TRANSAKCJI;ID;INT_TCE_SALES;NCARS_UCARS_TRANSACTION_TYPE;TRANSACTION_TYPE_ID
NCARS_UCARS;NSAR_TYPY_TRANSAKCJI;KOD;INT_TCE_SALES;NCARS_UCARS_TRANSACTION_TYPE;TRANSACTION_TYPE_CD
NCARS_UCARS;NSAR_TYPY_TRANSAKCJI;RODZAJ;INT_TCE_SALES;NCARS_UCARS_TRANSACTION_TYPE;TRANSACTION_TYPE_TYPE
NCARS_UCARS;NSAR_TYPY_TRANSAKCJI;OPIS;INT_TCE_SALES;NCARS_UCARS_TRANSACTION_TYPE;TRANSACTION_TYPE_DESC
NCARS_UCARS;NSAR_TYPY_TRANSAKCJI;RUN_TIMESTAMP;INT_TCE_SALES;NCARS_UCARS_TRANSACTION_TYPE;RUN_TIMESTAMP
NCARS_UCARS;NSAR_TYPY_TRANSAKCJI;KOD_NA_RAPORTACH;INT_TCE_SALES;NCARS_UCARS_TRANSACTION_TYPE;
NCARS_UCARS;OPCJE_POPRODUKCYJNE;ID;INT_TCE_SALES;NCARS_UCARS_POST_PRODUCTION_OPTION;POST_PRODUCTION_OPTION_ID
NCARS_UCARS;OPCJE_POPRODUKCYJNE;KOD_OPCJI;INT_TCE_SALES;NCARS_UCARS_POST_PRODUCTION_OPTION;POST_PRODUCTION_OPTION_CD
NCARS_UCARS;OPCJE_POPRODUKCYJNE;KOD_SPECYFIKACJI;INT_TCE_SALES;NCARS_UCARS_POST_PRODUCTION_OPTION;SPECIFICATION_CD
NCARS_UCARS;OPCJE_POPRODUKCYJNE;OPIS_OPCJI;INT_TCE_SALES;NCARS_UCARS_POST_PRODUCTION_OPTION;POST_PRODUCTION_OPTION_DESC
NCARS_UCARS;OPCJE_POPRODUKCYJNE;OPIS_SPECYFIKACJI;INT_TCE_SALES;NCARS_UCARS_POST_PRODUCTION_OPTION;SPECIFICATION_DESC
NCARS_UCARS;OPCJE_POPRODUKCYJNE;TYP_MIEJSCA_MONTAZU;INT_TCE_SALES;NCARS_UCARS_POST_PRODUCTION_OPTION;INSTALLATION_LOCATION_TYPE
NCARS_UCARS;OPCJE_POPRODUKCYJNE;RUN_TIMESTAMP;INT_TCE_SALES;NCARS_UCARS_POST_PRODUCTION_OPTION;RUN_TIMESTAMP
NCARS_UCARS;OPERACJE;ID;INT_TCE_SALES;NCARS_UCARS_OPERATION;OPERATION_ID
NCARS_UCARS;OPERACJE;SAM_ID;INT_TCE_SALES;NCARS_UCARS_OPERATION;CAR_ID
NCARS_UCARS;OPERACJE;RODZAJ_OPERACJI_ID;INT_TCE_SALES;NCARS_UCARS_OPERATION;OPERATION_TYPE_ID
NCARS_UCARS;PACKINGI;ID;INT_TCE_SALES;NCARS_UCARS_PACKING;PACKING_ID
NCARS_UCARS;PACKINGI;MIESIAC_TMC;INT_TCE_SALES;NCARS_UCARS_PACKING;TMC_MONTH_DATE
NCARS_UCARS;PACKINGI;TRANSLACJA_ZATWIERDZONA;INT_TCE_SALES;NCARS_UCARS_PACKING;APPROVED_TRANSLATION_FLG
NCARS_UCARS;PACKINGI;RUN_TIMESTAMP;INT_TCE_SALES;NCARS_UCARS_PACKING;RUN_TIMESTAMP
NCARS_UCARS;PAKIETY;ID;INT_TCE_SALES;NCARS_UCARS_PACKAGE;PACKAGE_ID
NCARS_UCARS;PAKIETY;SYMBOL;INT_TCE_SALES;NCARS_UCARS_PACKAGE;PACKAGE_CD
NCARS_UCARS;PAKIETY;NAZWA;INT_TCE_SALES;NCARS_UCARS_PACKAGE;PACKAGE_NAME
NCARS_UCARS;PAKIETY;RUN_TIMESTAMP;INT_TCE_SALES;NCARS_UCARS_PACKAGE;RUN_TIMESTAMP
NCARS_UCARS;PODZIALY_STREF;ID;INT_TCE_SALES;NCARS_UCARS_ZONE_DIVISION;ZONE_DIVISION_ID
NCARS_UCARS;PODZIALY_STREF;SYMBOL;INT_TCE_SALES;NCARS_UCARS_ZONE_DIVISION;ZONE_DIVISION_CD
NCARS_UCARS;PODZIALY_STREF;NAZWA;INT_TCE_SALES;NCARS_UCARS_ZONE_DIVISION;ZONE_DIVISION_NAME
NCARS_UCARS;PODZIALY_STREF;RUN_TIMESTAMP;INT_TCE_SALES;NCARS_UCARS_ZONE_DIVISION;RUN_TIMESTAMP
NCARS_UCARS;POZIOMY;ID;INT_TCE_SALES;NCARS_UCARS_CAR_LEVEL;CAR_LEVEL_ID
NCARS_UCARS;POZIOMY;MDL_ID;INT_TCE_SALES;NCARS_UCARS_CAR_LEVEL;MODEL_ID
NCARS_UCARS;POZIOMY;SYMBOL;INT_TCE_SALES;NCARS_UCARS_CAR_LEVEL;CAR_LEVEL_CD
NCARS_UCARS;POZIOMY;NAZWA;INT_TCE_SALES;NCARS_UCARS_CAR_LEVEL;CAR_LEVEL_NAME
NCARS_UCARS;POZIOMY;AKTYWNE;INT_TCE_SALES;NCARS_UCARS_CAR_LEVEL;ACTIVE_FLG
NCARS_UCARS;POZIOMY;RUN_TIMESTAMP;INT_TCE_SALES;NCARS_UCARS_CAR_LEVEL;RUN_TIMESTAMP
NCARS_UCARS;PROCEDURY_KLASYFIKACJI;ID;INT_TCE_SALES;NCARS_UCARS_CLASSIFICATION_PROCEDURE;CLASSIFICATION_PROCEDURE_ID
NCARS_UCARS;PROCEDURY_KLASYFIKACJI;OBSZAR;INT_TCE_SALES;NCARS_UCARS_CLASSIFICATION_PROCEDURE;CLASSIFICATION_PROCEDURE_AREA
NCARS_UCARS;PROCEDURY_KLASYFIKACJI;SYMBOL;INT_TCE_SALES;NCARS_UCARS_CLASSIFICATION_PROCEDURE;CLASSIFICATION_PROCEDURE_CD
NCARS_UCARS;PROCEDURY_KLASYFIKACJI;PROCEDURA;INT_TCE_SALES;NCARS_UCARS_CLASSIFICATION_PROCEDURE;CLASSIFICATION_PROCEDURE_NAME
NCARS_UCARS;PROCEDURY_KLASYFIKACJI;OPIS;INT_TCE_SALES;NCARS_UCARS_CLASSIFICATION_PROCEDURE;CLASSIFICATION_PROCEDURE_DESC
NCARS_UCARS;PROCEDURY_KLASYFIKACJI;RUN_TIMESTAMP;INT_TCE_SALES;NCARS_UCARS_CLASSIFICATION_PROCEDURE;RUN_TIMESTAMP
NCARS_UCARS;PRODUKTY_TMC;ID;INT_TCE_SALES;NCARS_UCARS_TMC_PRODUCT;TMC_PRODUCT_ID
NCARS_UCARS;PRODUKTY_TMC;FULL_KATA_ID;INT_TCE_SALES;NCARS_UCARS_TMC_PRODUCT;FULL_KATASHIKI_ID
NCARS_UCARS;PRODUKTY_TMC;PACK_ID;INT_TCE_SALES;NCARS_UCARS_TMC_PRODUCT;PACKING_ID
NCARS_UCARS;PRODUKTY_TMC;SFX;INT_TCE_SALES;NCARS_UCARS_TMC_PRODUCT;SFX
NCARS_UCARS;PRODUKTY_TMC;RUN_TIMESTAMP;INT_TCE_SALES;NCARS_UCARS_TMC_PRODUCT;RUN_TIMESTAMP
NCARS_UCARS;PROMOCJE;ID;INT_TCE_SALES;NCARS_UCARS_PROMOTION_DETAIL;PROMOTION_DETAIL_ID
NCARS_UCARS;PROMOCJE;SYMBOL;INT_TCE_SALES;NCARS_UCARS_PROMOTION_DETAIL;PROMOTION_DETAIL_CD
NCARS_UCARS;PROMOCJE;NAZWA;INT_TCE_SALES;NCARS_UCARS_PROMOTION_DETAIL;PROMOTION_DETAIL_NAME
NCARS_UCARS;PROMOCJE;TYP;INT_TCE_SALES;NCARS_UCARS_PROMOTION_DETAIL;PROMOTION_TYPE
NCARS_UCARS;PROMOCJE;TYP_UP_ID_DLA_DEALERA;INT_TCE_SALES;NCARS_UCARS_PROMOTION_DETAIL;DEALER_DISOUNT_TYPE_ID
NCARS_UCARS;PROMOCJE;TYP_UP_ID_DLA_KLIENTA;INT_TCE_SALES;NCARS_UCARS_PROMOTION_DETAIL;CLIENT_DISOUNT_TYPE_ID
NCARS_UCARS;PROMOCJE;RUN_TIMESTAMP;INT_TCE_SALES;NCARS_UCARS_PROMOTION_DETAIL;RUN_TIMESTAMP
NSAR_SAR;PROMOCJE_SPRZEDAZDETALICZNA;ZDARZENIE_ID;INT_TCE_SALES;NSAR_SAR_PROMOTION_DETAIL_W_EVENT_RETAIl_SALE;EVENT_RETAIl_SALE_ID
NSAR_SAR;PROMOCJE_SPRZEDAZDETALICZNA;PROMOCJA_ID;INT_TCE_SALES;NSAR_SAR_PROMOTION_DETAIL_W_EVENT_RETAIl_SALE;PROMOTION_DETAIL_ID
NCARS_UCARS;PROMOCJE_W_FAKT_WYJSCIOWYCH;ID;INT_TCE_SALES;NCARS_UCARS_PROMOTION_DETAIL_W_SALES_INVOICE;PROMOTION_DETAIL_W_SALES_INVOICE_ID
NCARS_UCARS;PROMOCJE_W_FAKT_WYJSCIOWYCH;PROM_ID;INT_TCE_SALES;NCARS_UCARS_PROMOTION_DETAIL_W_SALES_INVOICE;PROMOTION_DETAIL_ID
NCARS_UCARS;PROMOCJE_W_FAKT_WYJSCIOWYCH;FAKTW_ID;INT_TCE_SALES;NCARS_UCARS_PROMOTION_DETAIL_W_SALES_INVOICE;SALES_INVOICE_ID
NCARS_UCARS;PROMOCJE_W_TRANSAKCJACH;ID;INT_TCE_SALES;NCARS_UCARS_PROMOTION_DETAIL_W_TRANSACTION;PROMOTION_DETAIL_W_TRANSACTION_ID
NCARS_UCARS;PROMOCJE_W_TRANSAKCJACH;PROM_ID;INT_TCE_SALES;NCARS_UCARS_PROMOTION_DETAIL_W_TRANSACTION;PROMOTION_DETAIL_ID
NCARS_UCARS;PROMOCJE_W_TRANSAKCJACH;TR_TMPL_ID;INT_TCE_SALES;NCARS_UCARS_PROMOTION_DETAIL_W_TRANSACTION;TRANSACTION_ID
NCARS_UCARS;PROMOCJE_W_TRANSAKCJACH;RUN_TIMESTAMP;INT_TCE_SALES;NCARS_UCARS_PROMOTION_DETAIL_W_TRANSACTION;RUN_TIMESTAMP
NCARS_UCARS_JN;PRZYDZ_SAMOCHODOW_DO_TRANS_JN;JN_OPERATION;INT_TCE_SALES;NCARS_UCARS_JN_CAR_W_TRANSACTION_JN;JN_OPERATION
NCARS_UCARS_JN;PRZYDZ_SAMOCHODOW_DO_TRANS_JN;JN_ORACLE_USER;INT_TCE_SALES;NCARS_UCARS_JN_CAR_W_TRANSACTION_JN;JN_ORACLE_USER
NCARS_UCARS_JN;PRZYDZ_SAMOCHODOW_DO_TRANS_JN;JN_DATETIME;INT_TCE_SALES;NCARS_UCARS_JN_CAR_W_TRANSACTION_JN;JN_DATETIME
NCARS_UCARS_JN;PRZYDZ_SAMOCHODOW_DO_TRANS_JN;JN_SESSION;INT_TCE_SALES;NCARS_UCARS_JN_CAR_W_TRANSACTION_JN;JN_SESSION
NCARS_UCARS_JN;PRZYDZ_SAMOCHODOW_DO_TRANS_JN;ID;INT_TCE_SALES;NCARS_UCARS_JN_CAR_W_TRANSACTION_JN;CAR_W_TRANSACTION_ID
NCARS_UCARS_JN;PRZYDZ_SAMOCHODOW_DO_TRANS_JN;SAM_ID;INT_TCE_SALES;NCARS_UCARS_JN_CAR_W_TRANSACTION_JN;CAR_ID
NCARS_UCARS_JN;PRZYDZ_SAMOCHODOW_DO_TRANS_JN;TR_TMPL_ID;INT_TCE_SALES;NCARS_UCARS_JN_CAR_W_TRANSACTION_JN;TRANSACTION_ID
NCARS_UCARS_JN;PRZYDZ_SAMOCHODOW_DO_TRANS_JN;DATA_START;INT_TCE_SALES;NCARS_UCARS_JN_CAR_W_TRANSACTION_JN;START_DATE
NCARS_UCARS_JN;PRZYDZ_SAMOCHODOW_DO_TRANS_JN;DATA_STOP;INT_TCE_SALES;NCARS_UCARS_JN_CAR_W_TRANSACTION_JN;STOP_DATE
NCARS_UCARS_JN;PRZYDZ_SAMOCHODOW_DO_TRANS_JN;OSTATNIE;INT_TCE_SALES;NCARS_UCARS_JN_CAR_W_TRANSACTION_JN;ACTIVE_FLG
NCARS_UCARS_JN;PRZYDZ_SAMOCHODOW_DO_TRANS_JN;OPERACJA;INT_TCE_SALES;NCARS_UCARS_JN_CAR_W_TRANSACTION_JN;OPERATION
NCARS_UCARS;PRZYDZIALY_ATRYBUTU_KLIENTOWI;ATR_KLNT_ID;INT_TCE_SALES;NCARS_UCARS_CUSTOMER_W_CUSTOMER_ATTRIBUTE;CUSTOMER_ATTRIBUTE_ID
NCARS_UCARS;PRZYDZIALY_ATRYBUTU_KLIENTOWI;KLNT_ID;INT_TCE_SALES;NCARS_UCARS_CUSTOMER_W_CUSTOMER_ATTRIBUTE;CUSTOMER_ID
NCARS_UCARS;PRZYDZIALY_SAMOCHODOW_DO_TRANS;ID;INT_TCE_SALES;NCARS_UCARS_CAR_W_TRANSACTION;CAR_W_TRANSACTION_ID
NCARS_UCARS;PRZYDZIALY_SAMOCHODOW_DO_TRANS;SAM_ID;INT_TCE_SALES;NCARS_UCARS_CAR_W_TRANSACTION;CAR_ID
NCARS_UCARS;PRZYDZIALY_SAMOCHODOW_DO_TRANS;TR_TMPL_ID;INT_TCE_SALES;NCARS_UCARS_CAR_W_TRANSACTION;TRANSACTION_ID
NCARS_UCARS;PRZYDZIALY_SAMOCHODOW_DO_TRANS;DATA_START;INT_TCE_SALES;NCARS_UCARS_CAR_W_TRANSACTION;START_DATE
NCARS_UCARS;PRZYDZIALY_SAMOCHODOW_DO_TRANS;DATA_STOP;INT_TCE_SALES;NCARS_UCARS_CAR_W_TRANSACTION;STOP_DATE
NCARS_UCARS;PRZYDZIALY_SAMOCHODOW_DO_TRANS;OSTATNIE;INT_TCE_SALES;NCARS_UCARS_CAR_W_TRANSACTION;ACTIVE_FLG
NCARS_UCARS;PRZYDZIALY_SAMOCHODOW_DO_TRANS;OPERACJA;INT_TCE_SALES;NCARS_UCARS_CAR_W_TRANSACTION;OPERATION
NCARS_UCARS;PRZYDZIALY_TRANS_DO_RODZ_TRANS;ID;INT_TCE_SALES;NCARS_UCARS_TRANSACTION_W_TRANSACTION_KIND;TRANSACTION_W_TRANSACTION_KIND_ID
NCARS_UCARS;PRZYDZIALY_TRANS_DO_RODZ_TRANS;RODZ_TR_ID;INT_TCE_SALES;NCARS_UCARS_TRANSACTION_W_TRANSACTION_KIND;TRANSACTION_KIND_ID
NCARS_UCARS;PRZYDZIALY_TRANS_DO_RODZ_TRANS;TR_TMPL_ID;INT_TCE_SALES;NCARS_UCARS_TRANSACTION_W_TRANSACTION_KIND;TRANSACTION_ID
NCARS_UCARS;PRZYDZIALY_TRANS_DO_RODZ_TRANS;DATA_START;INT_TCE_SALES;NCARS_UCARS_TRANSACTION_W_TRANSACTION_KIND;TRANSACTION_KIND_START_DATE
NCARS_UCARS;PRZYDZIALY_TRANS_DO_RODZ_TRANS;DATA_STOP;INT_TCE_SALES;NCARS_UCARS_TRANSACTION_W_TRANSACTION_KIND;TRANSACTION_KIND_STOP_DATE
NCARS_UCARS;PRZYDZIALY_TRANS_DO_RODZ_TRANS;OSTATNIE;INT_TCE_SALES;NCARS_UCARS_TRANSACTION_W_TRANSACTION_KIND;ACTIVE_FLG
NCARS_UCARS;PRZYDZIALY_TRANS_DO_RODZ_TRANS;RUN_TIMESTAMP;INT_TCE_SALES;NCARS_UCARS_TRANSACTION_W_TRANSACTION_KIND;RUN_TIMESTAMP
NCARS_UCARS;RODZAJE_OPERACJI;ID;INT_TCE_SALES;NCARS_UCARS_OPERATION_TYPE;OPERATION_TYPE_ID
NCARS_UCARS;RODZAJE_OPERACJI;SYMBOL;INT_TCE_SALES;NCARS_UCARS_OPERATION_TYPE;OPERATION_TYPE_CD
NCARS_UCARS;RODZAJE_OPERACJI;NAZWA;INT_TCE_SALES;NCARS_UCARS_OPERATION_TYPE;OPERATION_TYPE_NAME
NCARS_UCARS;RODZAJE_TRANSAKCJI;ID;INT_TCE_SALES;NCARS_UCARS_TRANSACTION_KIND;TRANSACTION_KIND_ID
NCARS_UCARS;RODZAJE_TRANSAKCJI;SYMBOL;INT_TCE_SALES;NCARS_UCARS_TRANSACTION_KIND;TRANSACTION_KIND_CD
NCARS_UCARS;RODZAJE_TRANSAKCJI;NAZWA;INT_TCE_SALES;NCARS_UCARS_TRANSACTION_KIND;TRANSACTION_KIND_NAME
NCARS_UCARS;RODZAJE_TRANSAKCJI;AKTYWNE;INT_TCE_SALES;NCARS_UCARS_TRANSACTION_KIND;ACTIVE_FLG
NCARS_UCARS;RODZAJE_TRANSAKCJI;PROCEDURA_HANDLOWA;INT_TCE_SALES;NCARS_UCARS_TRANSACTION_KIND;SALES_PROCEDURE
NCARS_UCARS;RODZAJE_TRANSAKCJI;NSAR_TT_ID;INT_TCE_SALES;NCARS_UCARS_TRANSACTION_KIND;TRANSACTION_TYPE_ID
NCARS_UCARS;RODZAJE_TRANSAKCJI;RUN_TIMESTAMP;INT_TCE_SALES;NCARS_UCARS_TRANSACTION_KIND;RUN_TIMESTAMP
NCARS_UCARS;SALONY;ID;INT_TCE_SALES;NCARS_UCARS_SHOWROOM;SHOWROOM_ID
NCARS_UCARS;SALONY;DLR_ID;INT_TCE_SALES;NCARS_UCARS_SHOWROOM;DEALER_ID
NCARS_UCARS;SALONY;SYMBOL;INT_TCE_SALES;NCARS_UCARS_SHOWROOM;SHOWROOM_CD
NCARS_UCARS;SALONY;AKTYWNE;INT_TCE_SALES;NCARS_UCARS_SHOWROOM;ACTIVE_FLG
NCARS_UCARS;SALONY;RUN_TIMESTAMP;INT_TCE_SALES;NCARS_UCARS_SHOWROOM;RUN_TIMESTAMP
NCARS_UCARS;SAMOCHODY;CZAS_MONTAZU_DODATKOW;INT_TCE_SALES;NCARS_UCARS_CAR;ACCESSORIES_INSTALLATION_TIME
NCARS_UCARS;SAMOCHODY;CZY_KAMPANIA_ZAKONCZONA;INT_TCE_SALES;NCARS_UCARS_CAR;CAMPAIGN_OVER_FLG
NCARS_UCARS;SAMOCHODY;CZY_PODLEGA_PDC;INT_TCE_SALES;NCARS_UCARS_CAR;PDC_FLG
NCARS_UCARS;SAMOCHODY;DATA_WYPRODUKOWANIA;INT_TCE_SALES;NCARS_UCARS_CAR;CAR_PRODUCTION_DATE
NCARS_UCARS;SAMOCHODY;DECYZJA_KPP_ID;INT_TCE_SALES;NCARS_UCARS_CAR;FPP_DECISION_ID
NCARS_UCARS;SAMOCHODY;ETA_DO_DLR_CZAS_TR;INT_TCE_SALES;NCARS_UCARS_CAR;ETA_TO_DLR_TRANSIT_TIME
NCARS_UCARS;SAMOCHODY;ETA_DO_DLR_PO_ZABUDOWIE;INT_TCE_SALES;NCARS_UCARS_CAR;ETA_TO_DLR_AFTER_INSTALLATION_DATE
NCARS_UCARS;SAMOCHODY;ETA_DO_HUB;INT_TCE_SALES;NCARS_UCARS_CAR;ETA_TO_HUB_DATE
NCARS_UCARS;SAMOCHODY;ETA_DO_HUB_ZRODLO;INT_TCE_SALES;NCARS_UCARS_CAR;ETA_TO_HUB_SOURCE
NCARS_UCARS;SAMOCHODY;ID;INT_TCE_SALES;NCARS_UCARS_CAR;CAR_ID
NCARS_UCARS;SAMOCHODY;NORMA_EMISJI_ID;INT_TCE_SALES;NCARS_UCARS_CAR;EMISSION_STANDARD_ID
NCARS_UCARS;SAMOCHODY;NUMER_SILNIKA;INT_TCE_SALES;NCARS_UCARS_CAR;ENGINE_NO
NCARS_UCARS;SAMOCHODY;NUMER_VIN;INT_TCE_SALES;NCARS_UCARS_CAR;VIN
NCARS_UCARS;SAMOCHODY;RUN_TIMESTAMP;INT_TCE_SALES;NCARS_UCARS_CAR;RUN_TIMESTAMP
NCARS_UCARS;SAMOCHODY;TOC_ID;INT_TCE_SALES;NCARS_UCARS_CAR;TOC_ID
NCARS_UCARS;SAMOCHODY;TOC_TMC_ID;INT_TCE_SALES;NCARS_UCARS_CAR;TOC_TMC_ID
NCARS_UCARS;SAMOCHODY;URN;INT_TCE_SALES;NCARS_UCARS_CAR;URN
NCARS_UCARS;SAMOCHODY;UWAGI;INT_TCE_SALES;NCARS_UCARS_CAR;REMARKS
NCARS_UCARS_JN;SAMOCHODY_NA_FAKTURACH;JN_SESSION;INT_TCE_SALES;NCARS_UCARS_JN_CAR_W_INPUT_INVOICE_W_FEE_TYPE_JN;JN_SESSION
NCARS_UCARS;SAMOCHODY_NA_FAKTURACH;LINE_NUMBER;INT_TCE_SALES;NCARS_UCARS_JN_CAR_W_INPUT_INVOICE_W_FEE_TYPE_JN;LINE_NO
NCARS_UCARS;SAMOCHODY_NA_FAKTURACH;SAM_ID;INT_TCE_SALES;NCARS_UCARS_JN_CAR_W_INPUT_INVOICE_W_FEE_TYPE_JN;CAR_ID
NCARS_UCARS;SAMOCHODY_NA_FAKTURACH;TYP_OPL_ID;INT_TCE_SALES;NCARS_UCARS_JN_CAR_W_INPUT_INVOICE_W_FEE_TYPE_JN;FEE_TYPE_ID
NCARS_UCARS;SAMOCHODY_NA_FAKTURACH;FAKT_WE_ID;INT_TCE_SALES;NCARS_UCARS_JN_CAR_W_INPUT_INVOICE_W_FEE_TYPE_JN;INCOMING_INVOICES_ID
NCARS_UCARS_JN;SAMOCHODY_NA_FAKTURACH_JN;SAM_ID;INT_TCE_SALES;NCARS_UCARS_JN_CAR_W_INPUT_INVOICE_W_FEE_TYPE_JN;CAR_ID
NCARS_UCARS_JN;SAMOCHODY_NA_FAKTURACH_JN;TYP_OPL_ID;INT_TCE_SALES;NCARS_UCARS_JN_CAR_W_INPUT_INVOICE_W_FEE_TYPE_JN;FEE_TYPE_ID
NCARS_UCARS_JN;SAMOCHODY_NA_FAKTURACH_JN;FAKT_WE_ID;INT_TCE_SALES;NCARS_UCARS_JN_CAR_W_INPUT_INVOICE_W_FEE_TYPE_JN;INCOMING_INVOICES_ID
NCARS_UCARS_JN;SAMOCHODY_NA_FAKTURACH_JN;JN_DATETIME;INT_TCE_SALES;NCARS_UCARS_JN_CAR_W_INPUT_INVOICE_W_FEE_TYPE_JN;JN_DATETIME
NCARS_UCARS_JN;SAMOCHODY_NA_FAKTURACH_JN;JN_OPERATION;INT_TCE_SALES;NCARS_UCARS_JN_CAR_W_INPUT_INVOICE_W_FEE_TYPE_JN;JN_OPERATION
NCARS_UCARS_JN;SAMOCHODY_NA_FAKTURACH_JN;JN_ORACLE_USER;INT_TCE_SALES;NCARS_UCARS_JN_CAR_W_INPUT_INVOICE_W_FEE_TYPE_JN;JN_ORACLE_USER
NCARS_UCARS;SILNIKI;ID;INT_TCE_SALES;NCARS_UCARS_ENGINE;ENGINE_ID
NCARS_UCARS;SILNIKI;SYMBOL;INT_TCE_SALES;NCARS_UCARS_ENGINE;ENGINE_CD
NCARS_UCARS;SILNIKI;NAZWA;INT_TCE_SALES;NCARS_UCARS_ENGINE;ENGINE_NAME
NCARS_UCARS;SILNIKI;AKTYWNE;INT_TCE_SALES;NCARS_UCARS_ENGINE;ACTIVE_FLG
NCARS_UCARS;SILNIKI;RODZAJ_PALIWA;INT_TCE_SALES;NCARS_UCARS_ENGINE;FUEL_TYPE
NCARS_UCARS;SILNIKI;POJEMNOSC;INT_TCE_SALES;NCARS_UCARS_ENGINE;ENGINE_CAPACITY
NCARS_UCARS;SILNIKI;MOC_SPALINOWY;INT_TCE_SALES;NCARS_UCARS_ENGINE;COMBUSTION_POWER
NCARS_UCARS;SILNIKI;MOC_ELEKTRYCZNY;INT_TCE_SALES;NCARS_UCARS_ENGINE;ELECTRIC_POWER
NCARS_UCARS;SILNIKI;KOLEJNOSC;INT_TCE_SALES;NCARS_UCARS_ENGINE;ORDINAL_NO
NCARS_UCARS;SILNIKI;RUN_TIMESTAMP;INT_TCE_SALES;NCARS_UCARS_ENGINE;RUN_TIMESTAMP
NCARS_UCARS;SKRZYNIE;ID;INT_TCE_SALES;NCARS_UCARS_TRANSMISSION;TRANSMISSION_ID
NCARS_UCARS;SKRZYNIE;SYMBOL;INT_TCE_SALES;NCARS_UCARS_TRANSMISSION;TRANSMISSION_CD
NCARS_UCARS;SKRZYNIE;NAZWA;INT_TCE_SALES;NCARS_UCARS_TRANSMISSION;TRANSMISSION_NAME
NCARS_UCARS;SKRZYNIE;AKTYWNE;INT_TCE_SALES;NCARS_UCARS_TRANSMISSION;ACTIVE_FLG
NCARS_UCARS;SKRZYNIE;RODZAJ;INT_TCE_SALES;NCARS_UCARS_TRANSMISSION;TRANSMISSION_TYPE
NCARS_UCARS;SKRZYNIE;KOLEJNOSC;INT_TCE_SALES;NCARS_UCARS_TRANSMISSION;ORDINAL_NO
NCARS_UCARS;SKRZYNIE;RUN_TIMESTAMP;INT_TCE_SALES;NCARS_UCARS_TRANSMISSION;RUN_TIMESTAMP
NCARS_UCARS;SPIL_FORMATY_KOMUNIKATOW;ID;INT_TCE_SALES;NCARS_UCARS_SPIL_MESSAGE_LAYOUT;SPIL_MESSAGE_LAYOUT_ID
NCARS_UCARS;SPIL_FORMATY_KOMUNIKATOW;SYMBOL;INT_TCE_SALES;NCARS_UCARS_SPIL_MESSAGE_LAYOUT;SPIL_MESSAGE_LAYOUT_CD
NCARS_UCARS;SPIL_INFORMACJE_O_SAM_I_INSTR;ATA;INT_TCE_SALES;NCARS_UCARS_SPIL_CAR_W_INSTRUCTION;ATA
NCARS_UCARS;SPIL_INFORMACJE_O_SAM_I_INSTR;CZY_PODLEGA_PDC;INT_TCE_SALES;NCARS_UCARS_SPIL_CAR_W_INSTRUCTION;PDC_FLG
NCARS_UCARS;SPIL_INFORMACJE_O_SAM_I_INSTR;DATA_UTWORZENIA;INT_TCE_SALES;NCARS_UCARS_SPIL_CAR_W_INSTRUCTION;CREATION_DATE
NCARS_UCARS;SPIL_INFORMACJE_O_SAM_I_INSTR;ETA_CZAS_TRANSPORTU;INT_TCE_SALES;NCARS_UCARS_SPIL_CAR_W_INSTRUCTION;ETA_TRANSPORT_TIME
NCARS_UCARS;SPIL_INFORMACJE_O_SAM_I_INSTR;ETA_DATA;INT_TCE_SALES;NCARS_UCARS_SPIL_CAR_W_INSTRUCTION;ETA_DATE
NCARS_UCARS;SPIL_INFORMACJE_O_SAM_I_INSTR;ETA_DO_HUB;INT_TCE_SALES;NCARS_UCARS_SPIL_CAR_W_INSTRUCTION;ETA_TO_HUB
NCARS_UCARS;SPIL_INFORMACJE_O_SAM_I_INSTR;ETA_MAKSYMALNA;INT_TCE_SALES;NCARS_UCARS_SPIL_CAR_W_INSTRUCTION;ETA_MAX
NCARS_UCARS;SPIL_INFORMACJE_O_SAM_I_INSTR;ETA_MINIMALNA;INT_TCE_SALES;NCARS_UCARS_SPIL_CAR_W_INSTRUCTION;ETA_MIN
NCARS_UCARS;SPIL_INFORMACJE_O_SAM_I_INSTR;ID;INT_TCE_SALES;NCARS_UCARS_SPIL_CAR_W_INSTRUCTION;SPIL_CAR_W_INSTRUCTION_ID
NCARS_UCARS;SPIL_INFORMACJE_O_SAM_I_INSTR;SAM_ID;INT_TCE_SALES;NCARS_UCARS_SPIL_CAR_W_INSTRUCTION;CAR_ID
NCARS_UCARS;SPIL_INFORMACJE_O_SAM_I_INSTR;SPIL_TYP_KOMUNIKATU_ID;INT_TCE_SALES;NCARS_UCARS_SPIL_CAR_W_INSTRUCTION;SPIL_MESSAGE_TYPE_ID
NCARS_UCARS;SPIL_INSTRUKCJE;DATA_UTWORZENIA;INT_TCE_SALES;NCARS_UCARS_SPIL_INSTRUCTION;CREATION_DATE
NCARS_UCARS;SPIL_INSTRUKCJE;ID;INT_TCE_SALES;NCARS_UCARS_SPIL_INSTRUCTION;SPIL_INSTRUCTION_ID
NCARS_UCARS;SPIL_INSTRUKCJE;NUMER;INT_TCE_SALES;NCARS_UCARS_SPIL_INSTRUCTION;INSTRUCTION_NO
NCARS_UCARS;SPIL_INSTRUKCJE;OPERACJA_ID;INT_TCE_SALES;NCARS_UCARS_SPIL_INSTRUCTION;OPERATION_ID
NCARS_UCARS;SPIL_INSTRUKCJE;SPIL_RODZ_INSTRUKCJI_ID;INT_TCE_SALES;NCARS_UCARS_SPIL_INSTRUCTION;SPIL_INSTRUCTION_TYPE_ID
NCARS_UCARS;SPIL_INSTRUKCJE;SPIL_STATUS_INSTRUKCJI_ID;INT_TCE_SALES;NCARS_UCARS_SPIL_INSTRUCTION;SPIL_INSTRUCTION_STATUS_ID
NCARS_UCARS;SPIL_RODZAJE_INSTRUKCJI;ID;INT_TCE_SALES;NCARS_UCARS_SPIL_INSTRUCTION_TYPE;SPIL_INSTRUCTION_TYPE_ID
NCARS_UCARS;SPIL_RODZAJE_INSTRUKCJI;TYP;INT_TCE_SALES;NCARS_UCARS_SPIL_INSTRUCTION_TYPE;INSTRUCTION_TYPE
NCARS_UCARS;SPIL_STATUSY_INSTRUKCJI;ID;INT_TCE_SALES;NCARS_UCARS_SPIL_INSTRUCTION_STATUS;SPIL_INSTRUCTION_STATUS_ID
NCARS_UCARS;SPIL_STATUSY_INSTRUKCJI;SYMBOL;INT_TCE_SALES;NCARS_UCARS_SPIL_INSTRUCTION_STATUS;INSTRUCTION_STATUS_CD
NCARS_UCARS;SPIL_TYPY_KOMUNIKATOW;ID;INT_TCE_SALES;NCARS_UCARS_SPIL_MESSAGE_TYPE;SPIL_MESSAGE_TYPE_ID
NCARS_UCARS;SPIL_TYPY_KOMUNIKATOW;SPIL_FORM_KOM_ID;INT_TCE_SALES;NCARS_UCARS_SPIL_MESSAGE_TYPE;SPIL_MESSAGE_FORMAT_ID
NCARS_UCARS;SPIL_TYPY_KOMUNIKATOW;TYP;INT_TCE_SALES;NCARS_UCARS_SPIL_MESSAGE_TYPE;MESSAGE_TYPE
NCARS_UCARS;STREFY;ID;INT_TCE_SALES;NCARS_UCARS_ZONE;ZONE_ID
NCARS_UCARS;STREFY;SYMBOL;INT_TCE_SALES;NCARS_UCARS_ZONE;ZONE_CD
NCARS_UCARS;STREFY;NAZWA;INT_TCE_SALES;NCARS_UCARS_ZONE;ZONE_NAME
NCARS_UCARS;STREFY;AKTYWNE;INT_TCE_SALES;NCARS_UCARS_ZONE;ACTIVE_FLG
NCARS_UCARS;STREFY;PODZ_STR_ID;INT_TCE_SALES;NCARS_UCARS_ZONE;ZONE_DIVISION_ID
NCARS_UCARS;STREFY;RUN_TIMESTAMP;INT_TCE_SALES;NCARS_UCARS_ZONE;RUN_TIMESTAMP
NCARS_UCARS;TIO;ID;INT_TCE_SALES;NCARS_UCARS_TIO;TIO_ID
NCARS_UCARS;TIO;EXT_ID;INT_TCE_SALES;NCARS_UCARS_TIO;CAR_ADDITIONAL_SPECIFICATION_ID
NCARS_UCARS;TIO;KIER_ID;INT_TCE_SALES;NCARS_UCARS_TIO;STEERING_WHEEL_ID
NCARS_UCARS;TIO;NADW_ID;INT_TCE_SALES;NCARS_UCARS_TIO;CAR_BODY_ID
NCARS_UCARS;TIO;SIL_ID;INT_TCE_SALES;NCARS_UCARS_TIO;ENGINE_ID
NCARS_UCARS;TIO;SKRZ_ID;INT_TCE_SALES;NCARS_UCARS_TIO;TRANSMISSION_ID
NCARS_UCARS;TIO;WAR_ID;INT_TCE_SALES;NCARS_UCARS_TIO;VARIANT_ID
NCARS_UCARS;TIO;WER_ID;INT_TCE_SALES;NCARS_UCARS_TIO;VERSION_ID
NCARS_UCARS;TIO;NAZWA;INT_TCE_SALES;NCARS_UCARS_TIO;TIO_NAME
NCARS_UCARS;TIO;AKTYWNE;INT_TCE_SALES;NCARS_UCARS_TIO;ACTIVE_FLG
NCARS_UCARS;TIO;RUN_TIMESTAMP;INT_TCE_SALES;NCARS_UCARS_TIO;RUN_TIMESTAMP
NCARS_UCARS;TOC;ID;INT_TCE_SALES;NCARS_UCARS_TOC;TOC_ID
NCARS_UCARS;TOC;LAK_ID;INT_TCE_SALES;NCARS_UCARS_TOC;PAINT_ID
NCARS_UCARS;TOC;TIO_ID;INT_TCE_SALES;NCARS_UCARS_TOC;TIO_ID
NCARS_UCARS;TOC;WNET_ID;INT_TCE_SALES;NCARS_UCARS_TOC;TRIM_ID
NCARS_UCARS;TOC;AKTYWNE;INT_TCE_SALES;NCARS_UCARS_TOC;ACTIVE_FLG
NCARS_UCARS;TOC;RUN_TIMESTAMP;INT_TCE_SALES;NCARS_UCARS_TOC;RUN_TIMESTAMP
NCARS_UCARS;TOC_TMC;PROD_TMC_ID;INT_TCE_SALES;NCARS_UCARS_TOC_TMC;TMC_PRODUCT_ID
NCARS_UCARS;TOC_TMC;ID;INT_TCE_SALES;NCARS_UCARS_TOC_TMC;TOC_TMC_ID
NCARS_UCARS;TOC_TMC;RUN_TIMESTAMP;INT_TCE_SALES;NCARS_UCARS_TOC_TMC;RUN_TIMESTAMP
NCARS_UCARS;TRANSAKCJE_TMPL;DATA_ANULOWANIA;INT_TCE_SALES;NCARS_UCARS_TRANSACTION;CANCELLATION_DATE
NCARS_UCARS;TRANSAKCJE_TMPL;DATA_POTWIERDZENIA_CC;INT_TCE_SALES;NCARS_UCARS_TRANSACTION;CONFIRMATION_DATE
NCARS_UCARS;TRANSAKCJE_TMPL;DATA_SPRZEDAZY;INT_TCE_SALES;NCARS_UCARS_TRANSACTION;SALES_DATE
NCARS_UCARS;TRANSAKCJE_TMPL;DATA_TRANSAKCJI;INT_TCE_SALES;NCARS_UCARS_TRANSACTION;TRANSACTION_DATE
NCARS_UCARS;TRANSAKCJE_TMPL;DATA_WYGASNIECIA_REZERWACJI;INT_TCE_SALES;NCARS_UCARS_TRANSACTION;RESERVATION_EXPIRY_DATE
NCARS_UCARS;TRANSAKCJE_TMPL;DATA_ZAMOWIENIA;INT_TCE_SALES;NCARS_UCARS_TRANSACTION;ORDER_DATE
NCARS_UCARS;TRANSAKCJE_TMPL;DLR_ID;INT_TCE_SALES;NCARS_UCARS_TRANSACTION;DEALER_ID
NCARS_UCARS;TRANSAKCJE_TMPL;ID;INT_TCE_SALES;NCARS_UCARS_TRANSACTION;TRANSACTION_ID
NCARS_UCARS;TRANSAKCJE_TMPL;NUMER_DOKUMENTU_SPRZEDAZY;INT_TCE_SALES;NCARS_UCARS_TRANSACTION;SALES_DOCUMENT_NO
NCARS_UCARS;TRANSAKCJE_TMPL;NUMER_TMPL;INT_TCE_SALES;NCARS_UCARS_TRANSACTION;TRANSACTION_NO
NCARS_UCARS_JN;TRANSAKCJE_TMPL_JN;ROK_PRODUKCJI;INT_TCE_SALES;NCARS_UCARS_JN_TRANSACTION_JN;PRODUCTION_YEAR
NCARS_UCARS;TRANSAKCJE_TMPL;PACK_ID_BIEZACY;INT_TCE_SALES;NCARS_UCARS_TRANSACTION;PACKING_ACTUAL_TRANSACTION_ID
NCARS_UCARS;TRANSAKCJE_TMPL;PACK_ID_PIERWOTNY;INT_TCE_SALES;NCARS_UCARS_TRANSACTION;PACKING_TRANSACTION_ID
NCARS_UCARS;TRANSAKCJE_TMPL;PRE_CC;INT_TCE_SALES;NCARS_UCARS_TRANSACTION;PRE_CC 
NCARS_UCARS;TRANSAKCJE_TMPL;PRZYSPIESZENIE_ROKU_PRODUKCJI;INT_TCE_SALES;NCARS_UCARS_TRANSACTION;PRODUCTION_ACCELERATION
NCARS_UCARS;TRANSAKCJE_TMPL;PRZYSPIESZENIE_WYDANIA;INT_TCE_SALES;NCARS_UCARS_TRANSACTION;HANDOVER_ACCELERATION
NCARS_UCARS;TRANSAKCJE_TMPL;ROK_PRODUKCJI;INT_TCE_SALES;NCARS_UCARS_TRANSACTION;PRODUCTION_YEAR
NCARS_UCARS;TRANSAKCJE_TMPL;RUN_TIMESTAMP;INT_TCE_SALES;NCARS_UCARS_TRANSACTION;RUN_TIMESTAMP
NCARS_UCARS;TRANSAKCJE_TMPL;SYNERGIA_DLR_ID;INT_TCE_SALES;NCARS_UCARS_TRANSACTION;DEALER_ID
NCARS_UCARS;TRANSAKCJE_TMPL;SYNERGIA_UZY_ID;INT_TCE_SALES;NCARS_UCARS_TRANSACTION;USER_ID
NCARS_UCARS;TRANSAKCJE_TMPL;TOC_ID;INT_TCE_SALES;NCARS_UCARS_TRANSACTION;TOC_ID
NCARS_UCARS;TRANSAKCJE_TMPL;TYP_TRANSAKCJI;INT_TCE_SALES;NCARS_UCARS_TRANSACTION;TRANSACTION_TYPE
NCARS_UCARS;TRANSAKCJE_TMPL;UWAGI;INT_TCE_SALES;NCARS_UCARS_TRANSACTION;REMARK
NCARS_UCARS;TRANSAKCJE_TMPL;UZY_ID;INT_TCE_SALES;NCARS_UCARS_TRANSACTION;USER_ID
NCARS_UCARS;TRANSAKCJE_TMPL;WIELKOSC_FLOTY;INT_TCE_SALES;NCARS_UCARS_TRANSACTION;FLEET_SIZE
NCARS_UCARS_JN;TRANSAKCJE_TMPL_JN;JN_OPERATION;INT_TCE_SALES;NCARS_UCARS_JN_TRANSACTION_JN;JN_OPERATION
NCARS_UCARS_JN;TRANSAKCJE_TMPL_JN;JN_ORACLE_USER;INT_TCE_SALES;NCARS_UCARS_JN_TRANSACTION_JN;JN_ORACLE_USER
NCARS_UCARS_JN;TRANSAKCJE_TMPL_JN;JN_DATETIME;INT_TCE_SALES;NCARS_UCARS_JN_TRANSACTION_JN;JN_DATETIME
NCARS_UCARS_JN;TRANSAKCJE_TMPL_JN;JN_SESSION;INT_TCE_SALES;NCARS_UCARS_JN_TRANSACTION_JN;JN_SESSION
NCARS_UCARS_JN;TRANSAKCJE_TMPL_JN;ID;INT_TCE_SALES;NCARS_UCARS_JN_TRANSACTION_JN;TRANSACTION_ID
NCARS_UCARS_JN;TRANSAKCJE_TMPL_JN;DLR_ID;INT_TCE_SALES;NCARS_UCARS_JN_TRANSACTION_JN;DEALER_ID
NCARS_UCARS_JN;TRANSAKCJE_TMPL_JN;PACK_ID_PIERWOTNY;INT_TCE_SALES;NCARS_UCARS_JN_TRANSACTION_JN;PACKING_TRANSACTION_ID
NCARS_UCARS_JN;TRANSAKCJE_TMPL_JN;SALON_ID;INT_TCE_SALES;NCARS_UCARS_JN_TRANSACTION_JN;SHOWROOM_ID
NCARS_UCARS_JN;TRANSAKCJE_TMPL_JN;TOC_ID;INT_TCE_SALES;NCARS_UCARS_JN_TRANSACTION_JN;TOC_ID
NCARS_UCARS_JN;TRANSAKCJE_TMPL_JN;UZY_ID;INT_TCE_SALES;NCARS_UCARS_JN_TRANSACTION_JN;USER_ID
NCARS_UCARS_JN;TRANSAKCJE_TMPL_JN;NUMER_TMPL;INT_TCE_SALES;NCARS_UCARS_JN_TRANSACTION_JN;TRANSACTION_NO
NCARS_UCARS_JN;TRANSAKCJE_TMPL_JN;TYP_TRANSAKCJI;INT_TCE_SALES;NCARS_UCARS_JN_TRANSACTION_JN;TRANSACTION_TYPE
NCARS_UCARS_JN;TRANSAKCJE_TMPL_JN;PRE_CC;INT_TCE_SALES;NCARS_UCARS_JN_TRANSACTION_JN;PRE_CC 
NCARS_UCARS_JN;TRANSAKCJE_TMPL_JN;DATA_TRANSAKCJI;INT_TCE_SALES;NCARS_UCARS_JN_TRANSACTION_JN;TRANSACTION_DATE
NCARS_UCARS_JN;TRANSAKCJE_TMPL_JN;DATA_ZAMOWIENIA;INT_TCE_SALES;NCARS_UCARS_JN_TRANSACTION_JN;ORDER_DATE
NCARS_UCARS_JN;TRANSAKCJE_TMPL_JN;DATA_SPRZEDAZY;INT_TCE_SALES;NCARS_UCARS_JN_TRANSACTION_JN;SALES_DATE
NCARS_UCARS_JN;TRANSAKCJE_TMPL_JN;DATA_CENNIKA;INT_TCE_SALES;NCARS_UCARS_JN_TRANSACTION_JN;PRICE_LIST_DATE
NCARS_UCARS_JN;TRANSAKCJE_TMPL_JN;NUMER_DOKUMENTU_SPRZEDAZY;INT_TCE_SALES;NCARS_UCARS_JN_TRANSACTION_JN;SALES_DOCUMENT_NO
NCARS_UCARS_JN;TRANSAKCJE_TMPL_JN;PACK_ID_BIEZACY;INT_TCE_SALES;NCARS_UCARS_JN_TRANSACTION_JN;PACKING_ACTUAL_TRANSACTION_ID
NCARS_UCARS_JN;TRANSAKCJE_TMPL_JN;DATA_ANULOWANIA;INT_TCE_SALES;NCARS_UCARS_JN_TRANSACTION_JN;CANCELLATION_DATE
NCARS_UCARS_JN;TRANSAKCJE_TMPL_JN;DATA_POTWIERDZENIA_CC;INT_TCE_SALES;NCARS_UCARS_JN_TRANSACTION_JN;CC_CONFIRMATION_DATE
NCARS_UCARS_JN;TRANSAKCJE_TMPL_JN;UWAGI;INT_TCE_SALES;NCARS_UCARS_JN_TRANSACTION_JN;REMARK
NCARS_UCARS_JN;TRANSAKCJE_TMPL_JN;WIELKOSC_FLOTY;INT_TCE_SALES;NCARS_UCARS_JN_TRANSACTION_JN;FLEET_SIZE
NCARS_UCARS_JN;TRANSAKCJE_TMPL_JN;STATUS_TRANS_ID;INT_TCE_SALES;NCARS_UCARS_JN_TRANSACTION_JN;TRANSACTION_STATUS_ID
NCARS_UCARS_JN;TRANSAKCJE_TMPL_JN;BLAD_WYLICZENIA_STATUSU;INT_TCE_SALES;NCARS_UCARS_JN_TRANSACTION_JN;STATUS_CALCULATION_ERROR
NCARS_UCARS_JN;TRANSAKCJE_TMPL_JN;SYNERGIA_DLR_ID;INT_TCE_SALES;NCARS_UCARS_JN_TRANSACTION_JN;DEALER_ID
NCARS_UCARS_JN;TRANSAKCJE_TMPL_JN;SYNERGIA_UZY_ID;INT_TCE_SALES;NCARS_UCARS_JN_TRANSACTION_JN;USER_ID
NCARS_UCARS_JN;TRANSAKCJE_TMPL_JN;RUN_TIMESTAMP;INT_TCE_SALES;NCARS_UCARS_JN_TRANSACTION_JN;RUN_TIMESTAMP
NCARS_UCARS;TYPY_OPLAT;ID;INT_TCE_SALES;NCARS_UCARS_FEE_TYPE;FEE_TYPE_ID
NCARS_UCARS;TYPY_OPLAT;SYMBOL;INT_TCE_SALES;NCARS_UCARS_FEE_TYPE;FEE_TYPE_CD
NCARS_UCARS;TYPY_OPLAT;NAZWA;INT_TCE_SALES;NCARS_UCARS_FEE_TYPE;FEE_TYPE_NAME
NCARS_UCARS;TYPY_OPLAT;AKTYWNE;INT_TCE_SALES;NCARS_UCARS_FEE_TYPE;ACTIVE_FLG
NCARS_UCARS;TYPY_UPUSTOW;ID;INT_TCE_SALES;NCARS_UCARS_DISCOUNT_TYPE;DISCOUNT_TYPE_ID
NCARS_UCARS;TYPY_UPUSTOW;SYMBOL;INT_TCE_SALES;NCARS_UCARS_DISCOUNT_TYPE;DISCOUNT_TYPE_CD
NCARS_UCARS;TYPY_UPUSTOW;NAZWA;INT_TCE_SALES;NCARS_UCARS_DISCOUNT_TYPE;DISCOUNT_TYPE_NAME
NCARS_UCARS;TYPY_UPUSTOW;AKTYWNE;INT_TCE_SALES;NCARS_UCARS_DISCOUNT_TYPE;ACTIVE_FLG
NCARS_UCARS;TYPY_UPUSTOW;RUN_TIMESTAMP;INT_TCE_SALES;NCARS_UCARS_DISCOUNT_TYPE;RUN_TIMESTAMP
NCARS_UCARS;UZYTKOWNICY;ID;INT_TCE_SALES;NCARS_UCARS_USER;USER_ID
NCARS_UCARS;UZYTKOWNICY;IMIE;INT_TCE_SALES;NCARS_UCARS_USER;FIRST_NAME
NCARS_UCARS;UZYTKOWNICY;NAZWISKO;INT_TCE_SALES;NCARS_UCARS_USER;LAST_NAME
NCARS_UCARS;UZYTKOWNICY;AKTYWNE;INT_TCE_SALES;NCARS_UCARS_USER;ACTIVE_FLG
NCARS_UCARS;UZYTKOWNICY;E_MAIL;INT_TCE_SALES;NCARS_UCARS_USER;EMAIL
NCARS_UCARS;UZYTKOWNICY;RUN_TIMESTAMP;INT_TCE_SALES;NCARS_UCARS_USER;RUN_TIMESTAMP
NCARS_UCARS;WALUTY;ID;INT_TCE_SALES;NCARS_UCARS_CURRENCY_CODE;CURRENCY_ID
NCARS_UCARS;WALUTY;SYMBOL;INT_TCE_SALES;NCARS_UCARS_CURRENCY_CODE;CURRENCY_CD
NCARS_UCARS;WALUTY;NAZWA;INT_TCE_SALES;NCARS_UCARS_CURRENCY_CODE;CURRENCY_NAME
NCARS_UCARS;WALUTY;AKTYWNE;INT_TCE_SALES;NCARS_UCARS_CURRENCY_CODE;ACTIVE_FLG
NCARS_UCARS;WALUTY;RUN_TIMESTAMP;INT_TCE_SALES;NCARS_UCARS_CURRENCY_CODE;RUN_TIMESTAMP
NCARS_UCARS;WARIANTY;ID;INT_TCE_SALES;NCARS_UCARS_VARIANT;VARIANT_ID
NCARS_UCARS;WARIANTY;POZ_ID;INT_TCE_SALES;NCARS_UCARS_VARIANT;CAR_LEVEL_ID
NCARS_UCARS;WARIANTY;ROK_MIESIAC;INT_TCE_SALES;NCARS_UCARS_VARIANT;YEAR_MONTH_DATE
NCARS_UCARS;WARIANTY;SYMBOL;INT_TCE_SALES;NCARS_UCARS_VARIANT;VARIANT_CD
NCARS_UCARS;WARIANTY;NAZWA;INT_TCE_SALES;NCARS_UCARS_VARIANT;VARIANT_NAME
NCARS_UCARS;WARIANTY;AKTYWNE;INT_TCE_SALES;NCARS_UCARS_VARIANT;ACTIVE_FLG
NCARS_UCARS;WARIANTY;RUN_TIMESTAMP;INT_TCE_SALES;NCARS_UCARS_VARIANT;RUN_TIMESTAMP
NCARS_UCARS;WERSJE;ID;INT_TCE_SALES;NCARS_UCARS_VERSION;VERSION_ID
NCARS_UCARS;WERSJE;GEN_ID;INT_TCE_SALES;NCARS_UCARS_VERSION;GENERATION_ID
NCARS_UCARS;WERSJE;SYMBOL;INT_TCE_SALES;NCARS_UCARS_VERSION;VERSION_CD
NCARS_UCARS;WERSJE;NAZWA;INT_TCE_SALES;NCARS_UCARS_VERSION;VERSION_NAME
NCARS_UCARS;WERSJE;AKTYWNE;INT_TCE_SALES;NCARS_UCARS_VERSION;ACTIVE_FLG
NCARS_UCARS;WERSJE;RUN_TIMESTAMP;INT_TCE_SALES;NCARS_UCARS_VERSION;RUN_TIMESTAMP
NCARS_UCARS;WNETRZA;ID;INT_TCE_SALES;NCARS_UCARS_TRIM;TRIM_ID
NCARS_UCARS;WNETRZA;KOD_TRIMU;INT_TCE_SALES;NCARS_UCARS_TRIM;TRIM_CD
NCARS_UCARS;WNETRZA;KOD_KOLORU;INT_TCE_SALES;NCARS_UCARS_TRIM;COLOUR_CD
NCARS_UCARS;WNETRZA;NAZWA_TRIMU;INT_TCE_SALES;NCARS_UCARS_TRIM;TRIM_NAME
NCARS_UCARS;WNETRZA;NAZWA_KOLORU;INT_TCE_SALES;NCARS_UCARS_TRIM;COLOUR_NAME
NCARS_UCARS;WNETRZA;WYROZNIK;INT_TCE_SALES;NCARS_UCARS_TRIM;MARKER_CD
NCARS_UCARS;WNETRZA;AKTYWNE;INT_TCE_SALES;NCARS_UCARS_TRIM;ACTIVE_FLG
NCARS_UCARS;WNETRZA;RUN_TIMESTAMP;INT_TCE_SALES;NCARS_UCARS_TRIM;RUN_TIMESTAMP
NSAR_SAR;ZDARZENIA_SPRZDETAL_GIELDA;ID;INT_TCE_SALES;NSAR_SAR_EVENT_RETAIL_SALE_STOCK_EXCHANGE;EVENT_RETAIL_SALE_STOCK_EXCHANGE_ID
NSAR_SAR;ZDARZENIA_SPRZDETAL_GIELDA;DEALER_ID;INT_TCE_SALES;NSAR_SAR_EVENT_RETAIL_SALE_STOCK_EXCHANGE;DEALER_ID
NSAR_SAR;ZDARZENIA_SPRZDETAL_GIELDA;FAKTURA_DETALICZNA_ID;INT_TCE_SALES;NSAR_SAR_EVENT_RETAIL_SALE_STOCK_EXCHANGE;INVOICE_RETAIL_ID
NSAR_SAR;ZDARZENIA_SPRZDETAL_GIELDA;SAMOCHOD_ID;INT_TCE_SALES;NSAR_SAR_EVENT_RETAIL_SALE_STOCK_EXCHANGE;CAR_ID
NSAR_SAR;ZDARZENIA_SPRZDETAL_GIELDA;FLAGA;INT_TCE_SALES;NSAR_SAR_EVENT_RETAIL_SALE_STOCK_EXCHANGE;FLAG
NSAR_SAR;ZDARZENIA_SPRZDETAL_GIELDA;TYP_TRANSAKCJI_ID;INT_TCE_SALES;NSAR_SAR_EVENT_RETAIL_SALE_STOCK_EXCHANGE;TRANSACTION_TYPE_ID
NSAR_SAR;ZDARZENIA_SPRZDETAL_GIELDA;DATA_WYPRODUKOWANIA;INT_TCE_SALES;NSAR_SAR_EVENT_RETAIL_SALE_STOCK_EXCHANGE;CAR_PRODUCTION_DATE
NSAR_SAR;ZDARZENIA_SPRZDETAL_GIELDA;DATA;INT_TCE_SALES;NSAR_SAR_EVENT_RETAIL_SALE_STOCK_EXCHANGE;RETAIl_SALE_DATE
NSAR_SAR;ZDARZENIA_SPRZDETAL_GIELDA;TOC_ID;INT_TCE_SALES;NSAR_SAR_EVENT_RETAIL_SALE_STOCK_EXCHANGE;TOC_ID
NSAR_SAR;ZDARZENIA_SPRZDETAL_GIELDA;TRANSAKCJA_TMPL_ID;INT_TCE_SALES;NSAR_SAR_EVENT_RETAIL_SALE_STOCK_EXCHANGE;TRANSACTION_ID
NSAR_SAR;ZDARZENIA_SPRZDETAL_GIELDA;RODZAJ_TRANSAKCJI_ID;INT_TCE_SALES;NSAR_SAR_EVENT_RETAIL_SALE_STOCK_EXCHANGE;TRANSACTION_KIND_ID
NSAR_SAR;ZDARZENIA_SPRZEDAZDETALICZNA;ID;INT_TCE_SALES;NSAR_SAR_EVENT_RETAIl_SALE;EVENT_RETAIl_SALE_ID
NSAR_SAR;ZDARZENIA_SPRZEDAZDETALICZNA;DEALER_ID;INT_TCE_SALES;NSAR_SAR_EVENT_RETAIl_SALE;DEALER_ID
NSAR_SAR;ZDARZENIA_SPRZEDAZDETALICZNA;FAKTURA_DETALICZNA_ID;INT_TCE_SALES;NSAR_SAR_EVENT_RETAIl_SALE;INVOICE_RETAIL_ID
NSAR_SAR;ZDARZENIA_SPRZEDAZDETALICZNA;SAMOCHOD_ID;INT_TCE_SALES;NSAR_SAR_EVENT_RETAIl_SALE;CAR_ID
NSAR_SAR;ZDARZENIA_SPRZEDAZDETALICZNA;FLAGA;INT_TCE_SALES;NSAR_SAR_EVENT_RETAIl_SALE;FLAG
NSAR_SAR;ZDARZENIA_SPRZEDAZDETALICZNA;TYP_TRANSAKCJI_ID;INT_TCE_SALES;NSAR_SAR_EVENT_RETAIl_SALE;TRANSACTION_TYPE_ID
NSAR_SAR;ZDARZENIA_SPRZEDAZDETALICZNA;DATA_WYPRODUKOWANIA;INT_TCE_SALES;NSAR_SAR_EVENT_RETAIl_SALE;CAR_PRODUCTION_DATE
NSAR_SAR;ZDARZENIA_SPRZEDAZDETALICZNA;DATA;INT_TCE_SALES;NSAR_SAR_EVENT_RETAIl_SALE;RETAIl_SALE_DATE
NSAR_SAR;ZDARZENIA_SPRZEDAZDETALICZNA;TOC_ID;INT_TCE_SALES;NSAR_SAR_EVENT_RETAIl_SALE;TOC_ID
NSAR_SAR;ZDARZENIA_SPRZEDAZDETALICZNA;TRANSAKCJA_TMPL_ID;INT_TCE_SALES;NSAR_SAR_EVENT_RETAIl_SALE;TRANSACTION_ID
NSAR_SAR;ZDARZENIA_SPRZEDAZDETALICZNA;RODZAJ_TRANSAKCJI_ID;INT_TCE_SALES;NSAR_SAR_EVENT_RETAIl_SALE;TRANSACTION_KIND_ID
NCARS_UCARS;DODATKI_DLA_TRANSAKCJI;ID;INT_TCE_SALES;NCARS_UCARS_TRANSACTION_ACCESSORY;TRANSACTION_ACCESSORY_ID
NCARS_UCARS;DODATKI_DLA_TRANSAKCJI;TR_TMPL_ID;INT_TCE_SALES;NCARS_UCARS_TRANSACTION_ACCESSORY;TRANSACTION_ID
NCARS_UCARS;DODATKI_DLA_TRANSAKCJI;OPC_POPR_ID;INT_TCE_SALES;NCARS_UCARS_TRANSACTION_ACCESSORY;POST_PRODUCTION_OPTION_ID
NCARS_UCARS;DODATKI_DLA_TRANSAKCJI;PAK_ID;INT_TCE_SALES;NCARS_UCARS_TRANSACTION_ACCESSORY;PACKAGE_ID
NCARS_UCARS;OPCJE_POPRODUKCYJNE;ID;INT_TCE_SALES;NCARS_UCARS_POST_PRODUCTION_OPTION;POST_PRODUCTION_OPTION_ID
NCARS_UCARS;OPCJE_POPRODUKCYJNE;KOD_OPCJI;INT_TCE_SALES;NCARS_UCARS_POST_PRODUCTION_OPTION;POST_PRODUCTION_OPTION_CD
NCARS_UCARS;OPCJE_POPRODUKCYJNE;KOD_SPECYFIKACJI;INT_TCE_SALES;NCARS_UCARS_POST_PRODUCTION_OPTION;SPECIFICATION_CD
NCARS_UCARS;OPCJE_POPRODUKCYJNE;OPIS_OPCJI;INT_TCE_SALES;NCARS_UCARS_POST_PRODUCTION_OPTION;POST_PRODUCTION_OPTION_DESC
NCARS_UCARS;OPCJE_POPRODUKCYJNE;OPIS_SPECYFIKACJI;INT_TCE_SALES;NCARS_UCARS_POST_PRODUCTION_OPTION;SPECIFICATION_DESC
NCARS_UCARS;OPCJE_POPRODUKCYJNE;TYP_MIEJSCA_MONTAZU;INT_TCE_SALES;NCARS_UCARS_POST_PRODUCTION_OPTION;INSTALLATION_LOCATION_TYPE
NCARS_UCARS;OPCJE_POPRODUKCYJNE;COC_RODZAJ_WPLYWU;INT_TCE_SALES;NCARS_UCARS_POST_PRODUCTION_OPTION;COC_IMPACT_TYPE
NCARS_UCARS;PAKIETY;ID;INT_TCE_SALES;NCARS_UCARS_PACKAGE;PACKAGE_ID
NCARS_UCARS;PAKIETY;SYMBOL;INT_TCE_SALES;NCARS_UCARS_PACKAGE;PACKAGE_CD
NCARS_UCARS;PAKIETY;NAZWA;INT_TCE_SALES;NCARS_UCARS_PACKAGE;PACKAGE_NAME
NCARS_UCARS;PAKIETY;TYP_DODATKU;INT_TCE_SALES;NCARS_UCARS_PACKAGE;PACKAGE_TYPE
NCARS_UCARS;PAKIETY;COC_RODZAJ_WPLYWU;INT_TCE_SALES;NCARS_UCARS_PACKAGE;COC_IMPACT_TYPE